INSERT INTO movie(id, title, description, bannerUrl, genre, duration)
VALUES (1, "존 윅4", "또와따 존-윅", "", "액션", 180),
       (2, "더 퍼스트 슬램덩크", "열정감동", "", "스포츠", 150),
       (3, "옥수역귀신", "", "여름마다 찾아오는 그것", "공포", 150),
       (4, "스즈메의 문단속", "부탁드리옵니다!", "", "애니메이션", 140),
       (5, "킬링 로맨스", "쓱-싹", "", "액션,로맨스", 120)
;

INSERT INTO theater(id, name)
VALUES (1, "성수 DG시네마"),
       (2, "홍대 DG시네마"),
       (3, "양재 DG시네마")
;

INSERT INTO seat(id, theaterId, row, column)
VALUES (1, 1, "A", 1),
       (2, 1, "A", 2),
       (3, 1, "A", 3),
       (4, 1, "A", 4),
       (5, 1, "A", 5),
       (6, 1, "A", 6),
       (7, 1, "A", 7),
       (8, 1, "A", 8),
       (9, 1, "A", 9),
       (10, 1, "A", 10),
       (11, 1, "B", 1),
       (12, 1, "B", 2),
       (13, 1, "B", 3),
       (14, 1, "B", 4),
       (15, 1, "B", 5),
       (16, 1, "B", 6),
       (17, 1, "B", 7),
       (18, 1, "B", 8),
       (19, 1, "B", 9),
       (20, 1, "B", 10),
       (21, 1, "C", 1),
       (22, 1, "C", 2),
       (23, 1, "C", 3),
       (24, 1, "C", 4),
       (25, 1, "C", 5),
       (26, 1, "C", 6),
       (27, 1, "C", 7),
       (28, 1, "C", 8),
       (29, 1, "C", 9),
       (30, 1, "C", 10),
       (31, 1, "D", 1),
       (32, 1, "D", 2),
       (33, 1, "D", 3),
       (34, 1, "D", 4),
       (35, 1, "D", 5),
       (36, 1, "D", 6),
       (37, 1, "D", 7),
       (38, 1, "D", 8),
       (39, 1, "D", 9),
       (40, 1, "D", 10),

       (41, 2, "A", 1),
       (42, 2, "A", 2),
       (43, 2, "A", 3),
       (44, 2, "A", 4),
       (45, 2, "A", 5),
       (46, 2, "A", 6),
       (47, 2, "A", 7),
       (48, 2, "A", 8),
       (49, 2, "A", 9),
       (50, 2, "A", 10),
       (51, 2, "B", 1),
       (52, 2, "B", 2),
       (53, 2, "B", 3),
       (54, 2, "B", 4),
       (55, 2, "B", 5),
       (56, 2, "B", 6),
       (57, 2, "B", 7),
       (58, 2, "B", 8),
       (59, 2, "B", 9),
       (60, 2, "B", 10),
       (61, 2, "C", 1),
       (62, 2, "C", 2),
       (63, 2, "C", 3),
       (64, 2, "C", 4),
       (65, 2, "C", 5),
       (66, 2, "C", 6),
       (67, 2, "C", 7),
       (68, 2, "C", 8),
       (69, 2, "C", 9),
       (70, 2, "C", 10),
       (71, 2, "D", 1),
       (72, 2, "D", 2),
       (73, 2, "D", 3),
       (74, 2, "D", 4),
       (75, 2, "D", 5),
       (76, 2, "D", 6),
       (77, 2, "D", 7),
       (78, 2, "D", 8),
       (79, 2, "D", 9),
       (80, 2, "D", 10),

       (81, 3, "A", 1),
       (82, 3, "A", 2),
       (83, 3, "A", 3),
       (84, 3, "A", 4),
       (85, 3, "A", 5),
       (86, 3, "A", 6),
       (87, 3, "A", 7),
       (88, 3, "A", 8),
       (89, 3, "A", 9),
       (90, 3, "A", 10),
       (91, 3, "B", 1),
       (92, 3, "B", 2),
       (93, 3, "B", 3),
       (94, 3, "B", 4),
       (95, 3, "B", 5),
       (96, 3, "B", 6),
       (97, 3, "B", 7),
       (98, 3, "B", 8),
       (99, 3, "B", 9),
       (100, 3, "B", 10),
       (101, 3, "C", 1),
       (102, 3, "C", 2),
       (103, 3, "C", 3),
       (104, 3, "C", 4),
       (105, 3, "C", 5),
       (106, 3, "C", 6),
       (107, 3, "C", 7),
       (108, 3, "C", 8),
       (109, 3, "C", 9),
       (110, 3, "C", 10),
       (111, 3, "D", 1),
       (112, 3, "D", 2),
       (113, 3, "D", 3),
       (114, 3, "D", 4),
       (115, 3, "D", 5),
       (116, 3, "D", 6),
       (117, 3, "D", 7),
       (118, 3, "D", 8),
       (119, 3, "D", 9),
       (120, 3, "D", 10)
;
